Year,WorldwideBoxOffice,DomesticBoxOffice,InternationalBoxOffice,category,winner,nomination_count,movie_ID
2009,2845899541.0,760507625.0,2085391916.0,ART DIRECTION,True,9,0
2009,2845899541.0,760507625.0,2085391916.0,CINEMATOGRAPHY,True,9,0
2009,2845899541.0,760507625.0,2085391916.0,DIRECTING,False,9,0
2009,2845899541.0,760507625.0,2085391916.0,FILM EDITING,False,9,0
2009,2845899541.0,760507625.0,2085391916.0,MUSIC (Original Score),False,9,0
2009,2845899541.0,760507625.0,2085391916.0,BEST PICTURE,False,9,0
2009,2845899541.0,760507625.0,2085391916.0,SOUND EDITING,False,9,0
2009,2845899541.0,760507625.0,2085391916.0,SOUND MIXING,False,9,0
2009,2845899541.0,760507625.0,2085391916.0,VISUAL EFFECTS,True,9,0
2019,2797800564.0,858373000.0,1939427564.0,VISUAL EFFECTS,False,1,1
1997,2207986545.0,659363944.0,1548622601.0,ART DIRECTION (Black-and-White),False,16,2
1997,2207986545.0,659363944.0,1548622601.0,WRITING (Story and Screenplay),True,16,2
1997,2207986545.0,659363944.0,1548622601.0,ACTRESS IN A LEADING ROLE,False,16,2
1997,2207986545.0,659363944.0,1548622601.0,ACTRESS IN A SUPPORTING ROLE,False,16,2
1997,2207986545.0,659363944.0,1548622601.0,ART DIRECTION,True,16,2
1997,2207986545.0,659363944.0,1548622601.0,CINEMATOGRAPHY,True,16,2
1997,2207986545.0,659363944.0,1548622601.0,COSTUME DESIGN,True,16,2
1997,2207986545.0,659363944.0,1548622601.0,DIRECTING,True,16,2
1997,2207986545.0,659363944.0,1548622601.0,FILM EDITING,True,16,2
1997,2207986545.0,659363944.0,1548622601.0,MAKEUP,False,16,2
1997,2207986545.0,659363944.0,1548622601.0,MUSIC (Original Dramatic Score),True,16,2
1997,2207986545.0,659363944.0,1548622601.0,MUSIC (Original Song),True,16,2
1997,2207986545.0,659363944.0,1548622601.0,BEST PICTURE,True,16,2
1997,2207986545.0,659363944.0,1548622601.0,SOUND,True,16,2
1997,2207986545.0,659363944.0,1548622601.0,SOUND EFFECTS EDITING,True,16,2
1997,2207986545.0,659363944.0,1548622601.0,VISUAL EFFECTS,True,16,2
2018,2044540523.0,678815482.0,1365725041.0,VISUAL EFFECTS,False,1,3
2019,1654367425.0,543638043.0,1110729382.0,MUSIC (Original Score),True,10,4
2019,1654367425.0,543638043.0,1110729382.0,MUSIC (Original Song),True,10,4
2019,1654367425.0,543638043.0,1110729382.0,MUSIC (Original Song),False,10,4
2019,1654367425.0,543638043.0,1110729382.0,MUSIC (Original Song),False,10,4
2019,1654367425.0,543638043.0,1110729382.0,VISUAL EFFECTS,False,10,4
1994,986214868.0,421785283.0,564429585.0,MUSIC (Original Score),True,10,5
1994,986214868.0,421785283.0,564429585.0,MUSIC (Original Song),True,10,5
1994,986214868.0,421785283.0,564429585.0,MUSIC (Original Song),False,10,5
1994,986214868.0,421785283.0,564429585.0,MUSIC (Original Song),False,10,5
1994,986214868.0,421785283.0,564429585.0,VISUAL EFFECTS,False,10,5
2019,1446925396.0,477373578.0,969551818.0,MUSIC (Original Song),False,1,6
2018,1336494321.0,700059566.0,636434755.0,COSTUME DESIGN,True,7,7
2018,1336494321.0,700059566.0,636434755.0,MUSIC (Original Score),True,7,7
2018,1336494321.0,700059566.0,636434755.0,MUSIC (Original Song),False,7,7
2018,1336494321.0,700059566.0,636434755.0,BEST PICTURE,False,7,7
2018,1336494321.0,700059566.0,636434755.0,PRODUCTION DESIGN,True,7,7
2018,1336494321.0,700059566.0,636434755.0,SOUND EDITING,False,7,7
2018,1336494321.0,700059566.0,636434755.0,SOUND MIXING,False,7,7
2013,1266648320.0,400953009.0,865695311.0,ANIMATED FEATURE FILM,True,2,8
2013,1266648320.0,400953009.0,865695311.0,MUSIC (Original Song),True,2,8
2017,1255080655.0,504014165.0,751066490.0,MUSIC (Original Score),True,16,9
2017,1255080655.0,504014165.0,751066490.0,MUSIC (Original Song),False,16,9
2017,1255080655.0,504014165.0,751066490.0,MUSIC (Original Song),True,16,9
2017,1255080655.0,504014165.0,751066490.0,MUSIC (Original Song),False,16,9
2017,1255080655.0,504014165.0,751066490.0,BEST PICTURE,False,16,9
2017,1255080655.0,504014165.0,751066490.0,SOUND,False,16,9
2017,1255080655.0,504014165.0,751066490.0,COSTUME DESIGN,False,16,9
2017,1255080655.0,504014165.0,751066490.0,PRODUCTION DESIGN,False,16,9
1991,438656843.0,206333165.0,232323678.0,MUSIC (Original Score),True,16,10
1991,438656843.0,206333165.0,232323678.0,MUSIC (Original Song),False,16,10
1991,438656843.0,206333165.0,232323678.0,MUSIC (Original Song),True,16,10
1991,438656843.0,206333165.0,232323678.0,MUSIC (Original Song),False,16,10
1991,438656843.0,206333165.0,232323678.0,BEST PICTURE,False,16,10
1991,438656843.0,206333165.0,232323678.0,SOUND,False,16,10
1991,438656843.0,206333165.0,232323678.0,COSTUME DESIGN,False,16,10
1991,438656843.0,206333165.0,232323678.0,PRODUCTION DESIGN,False,16,10
2018,1242805359.0,608581744.0,634223615.0,ANIMATED FEATURE FILM,False,1,11
2013,1215392272.0,408992272.0,806400000.0,VISUAL EFFECTS,False,1,12
2011,1123794079.0,352390543.0,771403536.0,SOUND EDITING,False,3,13
2011,1123794079.0,352390543.0,771403536.0,SOUND MIXING,False,3,13
2011,1123794079.0,352390543.0,771403536.0,VISUAL EFFECTS,False,3,13
2012,1110526981.0,304360277.0,806166704.0,CINEMATOGRAPHY,False,5,14
2012,1110526981.0,304360277.0,806166704.0,MUSIC (Original Score),False,5,14
2012,1110526981.0,304360277.0,806166704.0,MUSIC (Original Song),True,5,14
2012,1110526981.0,304360277.0,806166704.0,SOUND EDITING,True,5,14
2012,1110526981.0,304360277.0,806166704.0,SOUND MIXING,False,5,14
2019,1073080329.0,434038008.0,639042321.0,ANIMATED FEATURE FILM,True,2,15
2019,1073080329.0,434038008.0,639042321.0,MUSIC (Original Song),False,2,15
2019,1072848487.0,515202542.0,557645945.0,MUSIC (Original Score),False,3,16
2019,1072848487.0,515202542.0,557645945.0,SOUND EDITING,False,3,16
2019,1072848487.0,515202542.0,557645945.0,VISUAL EFFECTS,False,3,16
2019,1072507517.0,335451311.0,737056206.0,ACTOR IN A LEADING ROLE,True,11,17
2019,1072507517.0,335451311.0,737056206.0,CINEMATOGRAPHY,False,11,17
2019,1072507517.0,335451311.0,737056206.0,COSTUME DESIGN,False,11,17
2019,1072507517.0,335451311.0,737056206.0,DIRECTING,False,11,17
2019,1072507517.0,335451311.0,737056206.0,FILM EDITING,False,11,17
2019,1072507517.0,335451311.0,737056206.0,MAKEUP AND HAIRSTYLING,False,11,17
2019,1072507517.0,335451311.0,737056206.0,MUSIC (Original Score),True,11,17
2019,1072507517.0,335451311.0,737056206.0,BEST PICTURE,False,11,17
2019,1072507517.0,335451311.0,737056206.0,SOUND EDITING,False,11,17
2019,1072507517.0,335451311.0,737056206.0,SOUND MIXING,False,11,17
2019,1072507517.0,335451311.0,737056206.0,WRITING (Adapted Screenplay),False,11,17
2010,1068879522.0,415004880.0,653874642.0,ANIMATED FEATURE FILM,True,5,18
2010,1068879522.0,415004880.0,653874642.0,MUSIC (Original Song),True,5,18
2010,1068879522.0,415004880.0,653874642.0,BEST PICTURE,False,5,18
2010,1068879522.0,415004880.0,653874642.0,SOUND EDITING,False,5,18
2010,1068879522.0,415004880.0,653874642.0,WRITING (Adapted Screenplay),False,5,18
2016,1055135598.0,532177324.0,522958274.0,SOUND MIXING,False,2,19
2016,1055135598.0,532177324.0,522958274.0,VISUAL EFFECTS,False,2,19
2019,1046649706.0,355559216.0,691090490.0,MUSIC (Original Score),True,10,20
2019,1046649706.0,355559216.0,691090490.0,MUSIC (Original Song),False,10,20
2019,1046649706.0,355559216.0,691090490.0,MUSIC (Original Song),True,10,20
2019,1046649706.0,355559216.0,691090490.0,SOUND,False,10,20
2019,1046649706.0,355559216.0,691090490.0,SOUND EFFECTS EDITING,False,10,20
1992,504050219.0,217350219.0,286700000.0,MUSIC (Original Score),True,10,21
1992,504050219.0,217350219.0,286700000.0,MUSIC (Original Song),False,10,21
1992,504050219.0,217350219.0,286700000.0,MUSIC (Original Song),True,10,21
1992,504050219.0,217350219.0,286700000.0,SOUND,False,10,21
1992,504050219.0,217350219.0,286700000.0,SOUND EFFECTS EDITING,False,10,21
1993,1045573035.0,402523348.0,643049687.0,SOUND,True,3,22
1993,1045573035.0,402523348.0,643049687.0,SOUND EFFECTS EDITING,True,3,22
1993,1045573035.0,402523348.0,643049687.0,VISUAL EFFECTS,True,3,22
2010,1025491110.0,334191110.0,691300000.0,MUSIC (Scoring of a Musical Picture),False,4,23
2010,1025491110.0,334191110.0,691300000.0,ART DIRECTION,True,4,23
2010,1025491110.0,334191110.0,691300000.0,COSTUME DESIGN,True,4,23
2010,1025491110.0,334191110.0,691300000.0,VISUAL EFFECTS,False,4,23
2012,1014938545.0,303003568.0,711934977.0,MAKEUP AND HAIRSTYLING,False,3,24
2012,1014938545.0,303003568.0,711934977.0,PRODUCTION DESIGN,False,3,24
2012,1014938545.0,303003568.0,711934977.0,VISUAL EFFECTS,False,3,24
2016,1005304638.0,341268248.0,664036390.0,ANIMATED FEATURE FILM,True,1,25
2008,999046281.0,533720947.0,465325334.0,ACTOR IN A SUPPORTING ROLE,True,8,26
2008,999046281.0,533720947.0,465325334.0,ART DIRECTION,False,8,26
2008,999046281.0,533720947.0,465325334.0,CINEMATOGRAPHY,False,8,26
2008,999046281.0,533720947.0,465325334.0,FILM EDITING,False,8,26
2008,999046281.0,533720947.0,465325334.0,MAKEUP,False,8,26
2008,999046281.0,533720947.0,465325334.0,SOUND EDITING,True,8,26
2008,999046281.0,533720947.0,465325334.0,SOUND MIXING,False,8,26
2008,999046281.0,533720947.0,465325334.0,VISUAL EFFECTS,False,8,26
2013,975216835.0,368065385.0,607151450.0,ANIMATED FEATURE FILM,False,2,27
2013,975216835.0,368065385.0,607151450.0,MUSIC (Original Song),False,2,27
2013,959358436.0,258241522.0,701116914.0,SOUND EDITING,False,3,28
2013,959358436.0,258241522.0,701116914.0,SOUND MIXING,False,3,28
2013,959358436.0,258241522.0,701116914.0,VISUAL EFFECTS,False,3,28
2016,953554418.0,364001123.0,589553295.0,MUSIC (Song),False,2,29
2016,953554418.0,364001123.0,589553295.0,VISUAL EFFECTS,True,2,29
2003,936094852.0,380529370.0,555565482.0,ANIMATED FEATURE FILM,True,4,30
2003,936094852.0,380529370.0,555565482.0,MUSIC (Original Score),False,4,30
2003,936094852.0,380529370.0,555565482.0,SOUND EDITING,False,4,30
2003,936094852.0,380529370.0,555565482.0,WRITING (Original Screenplay),False,4,30
2004,935253978.0,441226247.0,494027731.0,ANIMATED FEATURE FILM,False,2,31
2004,935253978.0,441226247.0,494027731.0,MUSIC (Original Song),False,2,31
2009,930673167.0,302089278.0,628583889.0,CINEMATOGRAPHY,False,1,32
2002,919148764.0,342548984.0,576599780.0,ART DIRECTION,False,6,33
2002,919148764.0,342548984.0,576599780.0,FILM EDITING,False,6,33
2002,919148764.0,342548984.0,576599780.0,BEST PICTURE,False,6,33
2002,919148764.0,342548984.0,576599780.0,SOUND,False,6,33
2002,919148764.0,342548984.0,576599780.0,SOUND EDITING,True,6,33
2002,919148764.0,342548984.0,576599780.0,VISUAL EFFECTS,True,6,33
2018,891472999.0,216303339.0,675169660.0,ACTOR IN A LEADING ROLE,True,5,34
2018,891472999.0,216303339.0,675169660.0,FILM EDITING,True,5,34
2018,891472999.0,216303339.0,675169660.0,BEST PICTURE,False,5,34
2018,891472999.0,216303339.0,675169660.0,SOUND EDITING,True,5,34
2018,891472999.0,216303339.0,675169660.0,SOUND MIXING,True,5,34
2005,891320084.0,290201752.0,601118332.0,ART DIRECTION,False,1,35
2015,879500760.0,200074175.0,679426585.0,MUSIC (Original Song),True,1,36
2015,855038387.0,356461711.0,498576676.0,ANIMATED FEATURE FILM,True,2,37
2015,855038387.0,356461711.0,498576676.0,WRITING (Original Screenplay),False,2,37
2009,836519699.0,402111870.0,434407829.0,SOUND MIXING,False,1,38
2002,821706375.0,403706375.0,418000000.0,SOUND,False,2,39
2002,821706375.0,403706375.0,418000000.0,VISUAL EFFECTS,False,2,39
1996,817400878.0,306169255.0,511231623.0,SOUND,False,2,40
1996,817400878.0,306169255.0,511231623.0,VISUAL EFFECTS,True,2,40
2016,811724385.0,234037575.0,577686810.0,COSTUME DESIGN,True,2,41
2016,811724385.0,234037575.0,577686810.0,PRODUCTION DESIGN,False,2,41
2017,798237597.0,210460015.0,587777582.0,ANIMATED FEATURE FILM,True,2,42
2017,798237597.0,210460015.0,587777582.0,MUSIC (Original Song),True,2,42
2004,794697557.0,373524485.0,421173072.0,SOUND EDITING,False,3,43
2004,794697557.0,373524485.0,421173072.0,SOUND MIXING,False,3,43
2004,794697557.0,373524485.0,421173072.0,VISUAL EFFECTS,True,3,43
1982,792962972.0,435110554.0,357852418.0,CINEMATOGRAPHY,False,9,44
1982,792962972.0,435110554.0,357852418.0,DIRECTING,False,9,44
1982,792962972.0,435110554.0,357852418.0,FILM EDITING,False,9,44
1982,792962972.0,435110554.0,357852418.0,MUSIC (Original Score),True,9,44
1982,792962972.0,435110554.0,357852418.0,BEST PICTURE,False,9,44
1982,792962972.0,435110554.0,357852418.0,SOUND,True,9,44
1982,792962972.0,435110554.0,357852418.0,SOUND EFFECTS EDITING,True,9,44
1982,792962972.0,435110554.0,357852418.0,VISUAL EFFECTS,True,9,44
1982,792962972.0,435110554.0,357852418.0,WRITING (Screenplay Written Directly for the Screen),False,9,44
2004,789961033.0,249757726.0,540203307.0,MUSIC (Original Score),False,2,45
2004,789961033.0,249757726.0,540203307.0,VISUAL EFFECTS,False,2,45
2014,770882395.0,333714112.0,437168283.0,MAKEUP AND HAIRSTYLING,False,2,46
2014,770882395.0,333714112.0,437168283.0,VISUAL EFFECTS,False,2,46
2014,758536735.0,241407328.0,517129407.0,COSTUME DESIGN,False,1,47
2014,747862775.0,233921534.0,513941241.0,VISUAL EFFECTS,False,1,48
2016,746846894.0,325100054.0,421746840.0,MAKEUP AND HAIRSTYLING,True,1,49
2009,731463377.0,293004164.0,438459213.0,SHORT FILM (Live Action),True,6,50
2009,731463377.0,293004164.0,438459213.0,ANIMATED FEATURE FILM,True,6,50
2009,731463377.0,293004164.0,438459213.0,MUSIC (Original Score),True,6,50
2009,731463377.0,293004164.0,438459213.0,BEST PICTURE,False,6,50
2009,731463377.0,293004164.0,438459213.0,SOUND EDITING,False,6,50
2009,731463377.0,293004164.0,438459213.0,WRITING (Original Screenplay),False,6,50
2010,728582465.0,292576195.0,436006270.0,ART DIRECTION,False,8,51
2010,728582465.0,292576195.0,436006270.0,CINEMATOGRAPHY,True,8,51
2010,728582465.0,292576195.0,436006270.0,MUSIC (Original Score),False,8,51
2010,728582465.0,292576195.0,436006270.0,BEST PICTURE,False,8,51
2010,728582465.0,292576195.0,436006270.0,SOUND EDITING,True,8,51
2010,728582465.0,292576195.0,436006270.0,SOUND MIXING,True,8,51
2010,728582465.0,292576195.0,436006270.0,VISUAL EFFECTS,True,8,51
2010,728582465.0,292576195.0,436006270.0,WRITING (Original Screenplay),False,8,51
2014,714401889.0,259746958.0,454654931.0,VISUAL EFFECTS,False,1,52
2014,710644566.0,208545589.0,502098977.0,VISUAL EFFECTS,False,1,53
2007,708272592.0,319246193.0,389026399.0,SOUND EDITING,False,3,54
2007,708272592.0,319246193.0,389026399.0,SOUND MIXING,False,3,54
2007,708272592.0,319246193.0,389026399.0,VISUAL EFFECTS,False,3,54
2013,689742192.0,274092705.0,415649487.0,ACTRESS IN A LEADING ROLE,False,10,55
2013,689742192.0,274092705.0,415649487.0,CINEMATOGRAPHY,True,10,55
2013,689742192.0,274092705.0,415649487.0,DIRECTING,True,10,55
2013,689742192.0,274092705.0,415649487.0,FILM EDITING,True,10,55
2013,689742192.0,274092705.0,415649487.0,MUSIC (Original Score),True,10,55
2013,689742192.0,274092705.0,415649487.0,BEST PICTURE,False,10,55
2013,689742192.0,274092705.0,415649487.0,PRODUCTION DESIGN,False,10,55
2013,689742192.0,274092705.0,415649487.0,SOUND EDITING,True,10,55
2013,689742192.0,274092705.0,415649487.0,SOUND MIXING,True,10,55
2013,689742192.0,274092705.0,415649487.0,VISUAL EFFECTS,True,10,55
1994,679838260.0,330151138.0,349687122.0,ACTOR IN A LEADING ROLE,True,13,56
1994,679838260.0,330151138.0,349687122.0,ACTOR IN A SUPPORTING ROLE,False,13,56
1994,679838260.0,330151138.0,349687122.0,ART DIRECTION,False,13,56
1994,679838260.0,330151138.0,349687122.0,CINEMATOGRAPHY,False,13,56
1994,679838260.0,330151138.0,349687122.0,DIRECTING,True,13,56
1994,679838260.0,330151138.0,349687122.0,FILM EDITING,True,13,56
1994,679838260.0,330151138.0,349687122.0,MAKEUP,False,13,56
1994,679838260.0,330151138.0,349687122.0,MUSIC (Original Score),False,13,56
1994,679838260.0,330151138.0,349687122.0,BEST PICTURE,True,13,56
1994,679838260.0,330151138.0,349687122.0,SOUND,False,13,56
1994,679838260.0,330151138.0,349687122.0,SOUND EFFECTS EDITING,False,13,56
1994,679838260.0,330151138.0,349687122.0,VISUAL EFFECTS,True,13,56
1994,679838260.0,330151138.0,349687122.0,WRITING (Screenplay Based on Material Previously Produced or Published),True,13,56
2016,676354481.0,232641920.0,443712561.0,VISUAL EFFECTS,False,1,57
1999,672806292.0,293506292.0,379300000.0,ACTOR IN A SUPPORTING ROLE,False,6,58
1999,672806292.0,293506292.0,379300000.0,ACTRESS IN A SUPPORTING ROLE,False,6,58
1999,672806292.0,293506292.0,379300000.0,DIRECTING,False,6,58
1999,672806292.0,293506292.0,379300000.0,FILM EDITING,False,6,58
1999,672806292.0,293506292.0,379300000.0,BEST PICTURE,False,6,58
1999,672806292.0,293506292.0,379300000.0,WRITING (Screenplay Written Directly for the Screen),False,6,58
2011,664837547.0,165249063.0,499588484.0,ANIMATED FEATURE FILM,False,1,59
2015,655111538.0,228433663.0,426677875.0,ACTOR IN A LEADING ROLE,False,7,60
2015,655111538.0,228433663.0,426677875.0,BEST PICTURE,False,7,60
2015,655111538.0,228433663.0,426677875.0,PRODUCTION DESIGN,False,7,60
2015,655111538.0,228433663.0,426677875.0,SOUND EDITING,False,7,60
2015,655111538.0,228433663.0,426677875.0,SOUND MIXING,False,7,60
2015,655111538.0,228433663.0,426677875.0,VISUAL EFFECTS,False,7,60
2015,655111538.0,228433663.0,426677875.0,WRITING (Adapted Screenplay),False,7,60
2014,651994868.0,188017894.0,463976974.0,MUSIC (Original Score),False,5,61
2014,651994868.0,188017894.0,463976974.0,PRODUCTION DESIGN,False,5,61
2014,651994868.0,188017894.0,463976974.0,SOUND EDITING,False,5,61
2014,651994868.0,188017894.0,463976974.0,SOUND MIXING,False,5,61
2014,651994868.0,188017894.0,463976974.0,VISUAL EFFECTS,True,5,61
2014,649657407.0,222527828.0,427129579.0,ANIMATED FEATURE FILM,True,1,62
2016,635245959.0,248757044.0,386488915.0,ANIMATED FEATURE FILM,False,2,63
2016,635245959.0,248757044.0,386488915.0,MUSIC (Original Song),False,2,63
2016,632483611.0,270329045.0,362154566.0,SHORT FILM (Live Action),True,1,64
2008,631910531.0,215434591.0,416475940.0,ANIMATED FEATURE FILM,False,1,65
2004,631441092.0,261441092.0,370000000.0,ANIMATED FEATURE FILM,True,4,66
2004,631441092.0,261441092.0,370000000.0,SOUND EDITING,True,4,66
2004,631441092.0,261441092.0,370000000.0,SOUND MIXING,False,4,66
2004,631441092.0,261441092.0,370000000.0,WRITING (Original Screenplay),False,4,66
2007,626549695.0,206445654.0,420104041.0,ANIMATED FEATURE FILM,True,5,67
2007,626549695.0,206445654.0,420104041.0,MUSIC (Original Score),False,5,67
2007,626549695.0,206445654.0,420104041.0,SOUND EDITING,False,5,67
2007,626549695.0,206445654.0,420104041.0,SOUND MIXING,False,5,67
2007,626549695.0,206445654.0,420104041.0,WRITING (Original Screenplay),False,5,67
2004,622313635.0,370782930.0,251530705.0,CINEMATOGRAPHY,False,3,68
2004,622313635.0,370782930.0,251530705.0,MAKEUP,False,3,68
2004,622313635.0,370782930.0,251530705.0,MUSIC (Original Score),False,3,68
2010,621156389.0,312433331.0,308723058.0,VISUAL EFFECTS,False,1,69
2012,619310368.0,124987022.0,494323346.0,CINEMATOGRAPHY,True,11,70
2012,619310368.0,124987022.0,494323346.0,DIRECTING,True,11,70
2012,619310368.0,124987022.0,494323346.0,FILM EDITING,False,11,70
2012,619310368.0,124987022.0,494323346.0,MUSIC (Original Score),True,11,70
2012,619310368.0,124987022.0,494323346.0,MUSIC (Original Song),False,11,70
2012,619310368.0,124987022.0,494323346.0,BEST PICTURE,False,11,70
2012,619310368.0,124987022.0,494323346.0,PRODUCTION DESIGN,False,11,70
2012,619310368.0,124987022.0,494323346.0,SOUND EDITING,False,11,70
2012,619310368.0,124987022.0,494323346.0,SOUND MIXING,False,11,70
2012,619310368.0,124987022.0,494323346.0,VISUAL EFFECTS,True,11,70
2012,619310368.0,124987022.0,494323346.0,WRITING (Adapted Screenplay),False,11,70
1997,618638999.0,229086679.0,389552320.0,VISUAL EFFECTS,False,1,71
2014,614586270.0,177002924.0,437583346.0,ANIMATED FEATURE FILM,False,1,72
2017,614202315.0,226277068.0,387925247.0,WRITING (Adapted Screenplay),False,1,73
2005,606836535.0,234280354.0,372556181.0,SOUND EDITING,False,3,74
2005,606836535.0,234280354.0,372556181.0,SOUND MIXING,False,3,74
2005,606836535.0,234280354.0,372556181.0,VISUAL EFFECTS,False,3,74
2006,594420283.0,167365000.0,427055283.0,MUSIC (Song),False,1,75
1997,587790539.0,250690539.0,337100000.0,ART DIRECTION,False,3,76
1997,587790539.0,250690539.0,337100000.0,MAKEUP,True,3,76
1997,587790539.0,250690539.0,337100000.0,MUSIC (Original Musical or Comedy Score),False,3,76
2010,585574317.0,200821936.0,384752381.0,MUSIC (Original Song),False,1,77
2008,585171547.0,318604126.0,266567421.0,SOUND EDITING,False,2,78
2008,585171547.0,318604126.0,266567421.0,VISUAL EFFECTS,False,2,78
2018,579055653.0,137690172.0,441365481.0,VISUAL EFFECTS,False,1,79
2013,573068425.0,187168425.0,385900000.0,ANIMATED FEATURE FILM,False,1,80
2015,570794950.0,166167230.0,404627720.0,MUSIC (Original Song),False,1,81
2017,561072059.0,168052812.0,393019247.0,VISUAL EFFECTS,False,1,82
2001,560483719.0,290149425.0,270334294.0,ANIMATED FEATURE FILM,False,4,83
2001,560483719.0,290149425.0,270334294.0,MUSIC (Original Score),False,4,83
2001,560483719.0,290149425.0,270334294.0,MUSIC (Original Song),True,4,83
2001,560483719.0,290149425.0,270334294.0,SOUND EDITING,False,4,83
2012,556016627.0,218665740.0,337350887.0,MUSIC (Original Song),False,1,84
2011,554987477.0,149260504.0,405726973.0,ANIMATED FEATURE FILM,False,1,85
2012,554606532.0,237282182.0,317324350.0,ANIMATED FEATURE FILM,True,1,86
1998,554600000.0,201578182.0,353021818.0,MUSIC (Original Song),False,4,87
1998,554600000.0,201578182.0,353021818.0,SOUND,False,4,87
1998,554600000.0,201578182.0,353021818.0,SOUND EFFECTS EDITING,False,4,87
1998,554600000.0,201578182.0,353021818.0,VISUAL EFFECTS,False,4,87
2005,550517357.0,218080025.0,332437332.0,CINEMATOGRAPHY,False,7,88
2005,550517357.0,218080025.0,332437332.0,SOUND,False,7,88
2005,550517357.0,218080025.0,332437332.0,SPECIAL ACHIEVEMENT AWARD (Visual Effects),True,7,88
2005,550517357.0,218080025.0,332437332.0,ART DIRECTION,False,7,88
2005,550517357.0,218080025.0,332437332.0,SOUND EDITING,True,7,88
2005,550517357.0,218080025.0,332437332.0,SOUND MIXING,True,7,88
2005,550517357.0,218080025.0,332437332.0,VISUAL EFFECTS,True,7,88
2014,547326372.0,350126372.0,197200000.0,ACTOR IN A LEADING ROLE,False,6,89
2014,547326372.0,350126372.0,197200000.0,FILM EDITING,False,6,89
2014,547326372.0,350126372.0,197200000.0,BEST PICTURE,False,6,89
2014,547326372.0,350126372.0,197200000.0,SOUND EDITING,True,6,89
2014,547326372.0,350126372.0,197200000.0,SOUND MIXING,False,6,89
2014,547326372.0,350126372.0,197200000.0,WRITING (Adapted Screenplay),False,6,89
2015,534551353.0,201151353.0,333400000.0,MUSIC (Scoring of a Musical Picture),False,8,90
2015,534551353.0,201151353.0,333400000.0,MUSIC (Song),False,8,90
2015,534551353.0,201151353.0,333400000.0,SOUND RECORDING,False,8,90
2015,534551353.0,201151353.0,333400000.0,COSTUME DESIGN,False,8,90
1950,263591415.0,85000000.0,178591415.0,MUSIC (Scoring of a Musical Picture),False,8,91
1950,263591415.0,85000000.0,178591415.0,MUSIC (Song),False,8,91
1950,263591415.0,85000000.0,178591415.0,SOUND RECORDING,False,8,91
1950,263591415.0,85000000.0,178591415.0,COSTUME DESIGN,False,8,91
2015,532938302.0,183637894.0,349300408.0,ACTOR IN A LEADING ROLE,True,12,92
2015,532938302.0,183637894.0,349300408.0,ACTOR IN A SUPPORTING ROLE,False,12,92
2015,532938302.0,183637894.0,349300408.0,CINEMATOGRAPHY,True,12,92
2015,532938302.0,183637894.0,349300408.0,COSTUME DESIGN,False,12,92
2015,532938302.0,183637894.0,349300408.0,DIRECTING,True,12,92
2015,532938302.0,183637894.0,349300408.0,FILM EDITING,False,12,92
2015,532938302.0,183637894.0,349300408.0,MAKEUP AND HAIRSTYLING,False,12,92
2015,532938302.0,183637894.0,349300408.0,BEST PICTURE,False,12,92
2015,532938302.0,183637894.0,349300408.0,PRODUCTION DESIGN,False,12,92
2015,532938302.0,183637894.0,349300408.0,SOUND EDITING,False,12,92
2015,532938302.0,183637894.0,349300408.0,SOUND MIXING,False,12,92
2015,532938302.0,183637894.0,349300408.0,VISUAL EFFECTS,False,12,92
2008,532508025.0,223808164.0,308699861.0,ANIMATED FEATURE FILM,True,6,93
2008,532508025.0,223808164.0,308699861.0,MUSIC (Original Score),False,6,93
2008,532508025.0,223808164.0,308699861.0,MUSIC (Original Song),False,6,93
2008,532508025.0,223808164.0,308699861.0,SOUND EDITING,False,6,93
2008,532508025.0,223808164.0,308699861.0,SOUND MIXING,False,6,93
2008,532508025.0,223808164.0,308699861.0,WRITING (Original Screenplay),False,6,93
2018,529290830.0,201091711.0,328199119.0,ANIMATED FEATURE FILM,False,1,94
2017,519452014.0,190068280.0,329383734.0,CINEMATOGRAPHY,False,8,95
2017,519452014.0,190068280.0,329383734.0,DIRECTING,False,8,95
2017,519452014.0,190068280.0,329383734.0,FILM EDITING,True,8,95
2017,519452014.0,190068280.0,329383734.0,MUSIC (Original Score),False,8,95
2017,519452014.0,190068280.0,329383734.0,BEST PICTURE,False,8,95
2017,519452014.0,190068280.0,329383734.0,PRODUCTION DESIGN,False,8,95
2017,519452014.0,190068280.0,329383734.0,SOUND EDITING,True,8,95
2017,519452014.0,190068280.0,329383734.0,SOUND MIXING,True,8,95
1990,517600000.0,217631306.0,299968694.0,ACTRESS IN A SUPPORTING ROLE,True,5,96
1990,517600000.0,217631306.0,299968694.0,FILM EDITING,False,5,96
1990,517600000.0,217631306.0,299968694.0,MUSIC (Original Score),False,5,96
1990,517600000.0,217631306.0,299968694.0,BEST PICTURE,False,5,96
1990,517600000.0,217631306.0,299968694.0,WRITING (Screenplay Written Directly for the Screen),True,5,96
1991,515390883.0,203464105.0,311926778.0,CINEMATOGRAPHY,False,6,97
1991,515390883.0,203464105.0,311926778.0,FILM EDITING,False,6,97
1991,515390883.0,203464105.0,311926778.0,MAKEUP,True,6,97
1991,515390883.0,203464105.0,311926778.0,SOUND,True,6,97
1991,515390883.0,203464105.0,311926778.0,SOUND EFFECTS EDITING,True,6,97
1991,515390883.0,203464105.0,311926778.0,VISUAL EFFECTS,True,6,97
1999,511358276.0,245852179.0,265506097.0,MUSIC (Original Song),False,1,98
2009,498438212.0,209028679.0,289409533.0,ART DIRECTION,False,2,99
2009,498438212.0,209028679.0,289409533.0,MUSIC (Original Score),False,2,99
2012,496511521.0,189412677.0,307098844.0,ANIMATED FEATURE FILM,False,1,100
1996,495700000.0,241688385.0,254011615.0,SOUND,False,2,101
1996,495700000.0,241688385.0,254011615.0,VISUAL EFFECTS,False,2,101
2010,494870992.0,217581232.0,277289760.0,ANIMATED FEATURE FILM,False,2,102
2010,494870992.0,217581232.0,277289760.0,MUSIC (Original Score),False,2,102
2001,491812794.0,267655011.0,224157783.0,ANIMATED FEATURE FILM,True,2,103
2001,491812794.0,267655011.0,224157783.0,WRITING (Screenplay Based on Material Previously Produced or Published),False,2,103
2017,489592267.0,146880162.0,342712105.0,VISUAL EFFECTS,False,1,104
2019,489346495.0,113929605.0,375416890.0,MAKEUP AND HAIRSTYLING,False,1,105
2011,487519809.0,143619809.0,343900000.0,MUSIC (Original Song),False,1,106
1998,485035085.0,216335085.0,268700000.0,ACTOR IN A LEADING ROLE,False,11,107
1998,485035085.0,216335085.0,268700000.0,ART DIRECTION,False,11,107
1998,485035085.0,216335085.0,268700000.0,CINEMATOGRAPHY,True,11,107
1998,485035085.0,216335085.0,268700000.0,DIRECTING,True,11,107
1998,485035085.0,216335085.0,268700000.0,FILM EDITING,True,11,107
1998,485035085.0,216335085.0,268700000.0,MAKEUP,False,11,107
1998,485035085.0,216335085.0,268700000.0,MUSIC (Original Dramatic Score),False,11,107
1998,485035085.0,216335085.0,268700000.0,BEST PICTURE,False,11,107
1998,485035085.0,216335085.0,268700000.0,SOUND,True,11,107
1998,485035085.0,216335085.0,268700000.0,SOUND EFFECTS EDITING,True,11,107
1998,485035085.0,216335085.0,268700000.0,WRITING (Screenplay Written Directly for the Screen),False,11,107
2004,483152040.0,133298577.0,349853463.0,COSTUME DESIGN,False,1,108
1990,476684675.0,285761243.0,190923432.0,MUSIC (Original Score),False,2,109
1990,476684675.0,285761243.0,190923432.0,MUSIC (Original Song),False,2,109
2005,475825484.0,206459076.0,269366408.0,COSTUME DESIGN,False,1,110
1989,474171806.0,197171806.0,277000000.0,MUSIC (Original Score),False,3,111
1989,474171806.0,197171806.0,277000000.0,SOUND,False,3,111
1989,474171806.0,197171806.0,277000000.0,SOUND EFFECTS EDITING,True,3,111
2011,470986200.0,176760185.0,294226015.0,VISUAL EFFECTS,False,1,112
1975,470700000.0,260000000.0,210700000.0,FILM EDITING,True,4,113
1975,470700000.0,260000000.0,210700000.0,MUSIC (Original Score),True,4,113
1975,470700000.0,260000000.0,210700000.0,BEST PICTURE,False,4,113
1975,470700000.0,260000000.0,210700000.0,SOUND,True,4,113
2014,468084718.0,257784718.0,210300000.0,MUSIC (Original Song),False,1,114
2013,467381584.0,228778661.0,238602923.0,VISUAL EFFECTS,False,1,115
1999,465377200.0,173396389.0,291980811.0,FILM EDITING,True,4,116
1999,465377200.0,173396389.0,291980811.0,SOUND,True,4,116
1999,465377200.0,173396389.0,291980811.0,SOUND EFFECTS EDITING,True,4,116
1999,465377200.0,173396389.0,291980811.0,VISUAL EFFECTS,True,4,116
2006,461630558.0,244082982.0,217547576.0,ANIMATED FEATURE FILM,False,2,117
2006,461630558.0,244082982.0,217547576.0,MUSIC (Original Song),False,2,117
2000,457552323.0,187683805.0,269868518.0,ACTOR IN A LEADING ROLE,True,12,118
2000,457552323.0,187683805.0,269868518.0,ACTOR IN A SUPPORTING ROLE,False,12,118
2000,457552323.0,187683805.0,269868518.0,ART DIRECTION,False,12,118
2000,457552323.0,187683805.0,269868518.0,CINEMATOGRAPHY,False,12,118
2000,457552323.0,187683805.0,269868518.0,COSTUME DESIGN,True,12,118
2000,457552323.0,187683805.0,269868518.0,DIRECTING,False,12,118
2000,457552323.0,187683805.0,269868518.0,FILM EDITING,False,12,118
2000,457552323.0,187683805.0,269868518.0,MUSIC (Original Score),False,12,118
2000,457552323.0,187683805.0,269868518.0,BEST PICTURE,True,12,118
2000,457552323.0,187683805.0,269868518.0,SOUND,True,12,118
2000,457552323.0,187683805.0,269868518.0,VISUAL EFFECTS,True,12,118
2000,457552323.0,187683805.0,269868518.0,WRITING (Screenplay Written Directly for the Screen),False,12,118
2003,456810575.0,111110575.0,345700000.0,ACTOR IN A SUPPORTING ROLE,False,4,119
2003,456810575.0,111110575.0,345700000.0,ART DIRECTION,False,4,119
2003,456810575.0,111110575.0,345700000.0,COSTUME DESIGN,False,4,119
2003,456810575.0,111110575.0,345700000.0,SOUND MIXING,False,4,119
2012,449841566.0,162805434.0,287036132.0,ACTOR IN A SUPPORTING ROLE,True,5,120
2012,449841566.0,162805434.0,287036132.0,CINEMATOGRAPHY,False,5,120
2012,449841566.0,162805434.0,287036132.0,BEST PICTURE,False,5,120
2012,449841566.0,162805434.0,287036132.0,SOUND EDITING,False,5,120
2012,449841566.0,162805434.0,287036132.0,WRITING (Original Screenplay),True,5,120
2001,449239853.0,198539855.0,250699998.0,MUSIC (Original Song),False,4,121
2001,449239853.0,198539855.0,250699998.0,SOUND,False,4,121
2001,449239853.0,198539855.0,250699998.0,SOUND EDITING,True,4,121
2001,449239853.0,198539855.0,250699998.0,VISUAL EFFECTS,False,4,121
1999,448191819.0,171091819.0,277100000.0,MUSIC (Original Song),True,1,122
2016,445607848.0,151101803.0,294506045.0,ACTOR IN A LEADING ROLE,False,14,123
2016,445607848.0,151101803.0,294506045.0,ACTRESS IN A LEADING ROLE,True,14,123
2016,445607848.0,151101803.0,294506045.0,CINEMATOGRAPHY,True,14,123
2016,445607848.0,151101803.0,294506045.0,COSTUME DESIGN,False,14,123
2016,445607848.0,151101803.0,294506045.0,DIRECTING,True,14,123
2016,445607848.0,151101803.0,294506045.0,FILM EDITING,False,14,123
2016,445607848.0,151101803.0,294506045.0,MUSIC (Original Score),True,14,123
2016,445607848.0,151101803.0,294506045.0,MUSIC (Original Song),False,14,123
2016,445607848.0,151101803.0,294506045.0,MUSIC (Original Song),True,14,123
2016,445607848.0,151101803.0,294506045.0,BEST PICTURE,False,14,123
2016,445607848.0,151101803.0,294506045.0,PRODUCTION DESIGN,True,14,123
2016,445607848.0,151101803.0,294506045.0,SOUND EDITING,False,14,123
2016,445607848.0,151101803.0,294506045.0,SOUND MIXING,False,14,123
2016,445607848.0,151101803.0,294506045.0,WRITING (Original Screenplay),False,14,123
2007,444043396.0,227471070.0,216572326.0,FILM EDITING,True,3,124
2007,444043396.0,227471070.0,216572326.0,SOUND EDITING,True,3,124
2007,444043396.0,227471070.0,216572326.0,SOUND MIXING,True,3,124
1993,441286003.0,219195051.0,222090952.0,MAKEUP,True,1,125
2017,434473253.0,174340174.0,260133079.0,MUSIC (Original Song),False,1,126
1990,432566361.0,178406268.0,254160093.0,ACTRESS IN A LEADING ROLE,False,1,127
2018,431870523.0,215288866.0,216581657.0,ACTOR,False,18,128
2018,431870523.0,215288866.0,216581657.0,ACTRESS,False,18,128
2018,431870523.0,215288866.0,216581657.0,ART DIRECTION (Color),False,18,128
2018,431870523.0,215288866.0,216581657.0,COSTUME DESIGN (Color),False,18,128
2018,431870523.0,215288866.0,216581657.0,MUSIC (Scoring of a Musical Picture),False,18,128
2018,431870523.0,215288866.0,216581657.0,MUSIC (Song),False,18,128
2018,431870523.0,215288866.0,216581657.0,CINEMATOGRAPHY,False,18,128
2018,431870523.0,215288866.0,216581657.0,MUSIC (Original Song Score and Its Adaptation or Adaptation Score),False,18,128
2018,431870523.0,215288866.0,216581657.0,MUSIC (Original Song),True,18,128
2018,431870523.0,215288866.0,216581657.0,SOUND,False,18,128
2018,431870523.0,215288866.0,216581657.0,ACTOR IN A LEADING ROLE,False,18,128
2018,431870523.0,215288866.0,216581657.0,ACTOR IN A SUPPORTING ROLE,False,18,128
2018,431870523.0,215288866.0,216581657.0,ACTRESS IN A LEADING ROLE,False,18,128
2018,431870523.0,215288866.0,216581657.0,CINEMATOGRAPHY,False,18,128
2018,431870523.0,215288866.0,216581657.0,MUSIC (Original Song),True,18,128
2018,431870523.0,215288866.0,216581657.0,BEST PICTURE,False,18,128
2018,431870523.0,215288866.0,216581657.0,SOUND MIXING,False,18,128
2018,431870523.0,215288866.0,216581657.0,WRITING (Adapted Screenplay),False,18,128
1973,428214478.0,230347346.0,197867132.0,ACTOR IN A SUPPORTING ROLE,False,10,129
1973,428214478.0,230347346.0,197867132.0,ACTRESS,False,10,129
1973,428214478.0,230347346.0,197867132.0,ACTRESS IN A SUPPORTING ROLE,False,10,129
1973,428214478.0,230347346.0,197867132.0,ART DIRECTION,False,10,129
1973,428214478.0,230347346.0,197867132.0,CINEMATOGRAPHY,False,10,129
1973,428214478.0,230347346.0,197867132.0,DIRECTING,False,10,129
1973,428214478.0,230347346.0,197867132.0,FILM EDITING,False,10,129
1973,428214478.0,230347346.0,197867132.0,BEST PICTURE,False,10,129
1973,428214478.0,230347346.0,197867132.0,SOUND,True,10,129
1973,428214478.0,230347346.0,197867132.0,WRITING (Screenplay--based on material from another medium),True,10,129
2000,427230516.0,233632142.0,193598374.0,ACTOR IN A LEADING ROLE,False,2,130
2000,427230516.0,233632142.0,193598374.0,SOUND,False,2,130
1990,424208805.0,184208842.0,239999963.0,ACTOR IN A LEADING ROLE,False,12,131
1990,424208805.0,184208842.0,239999963.0,ACTOR IN A SUPPORTING ROLE,False,12,131
1990,424208805.0,184208842.0,239999963.0,ACTRESS IN A SUPPORTING ROLE,False,12,131
1990,424208805.0,184208842.0,239999963.0,ART DIRECTION,False,12,131
1990,424208805.0,184208842.0,239999963.0,CINEMATOGRAPHY,True,12,131
1990,424208805.0,184208842.0,239999963.0,COSTUME DESIGN,False,12,131
1990,424208805.0,184208842.0,239999963.0,DIRECTING,True,12,131
1990,424208805.0,184208842.0,239999963.0,FILM EDITING,True,12,131
1990,424208805.0,184208842.0,239999963.0,MUSIC (Original Score),True,12,131
1990,424208805.0,184208842.0,239999963.0,BEST PICTURE,True,12,131
1990,424208805.0,184208842.0,239999963.0,SOUND,True,12,131
1990,424208805.0,184208842.0,239999963.0,WRITING (Screenplay Based on Material from Another Medium),True,12,131
1999,416385488.0,155385488.0,261000000.0,SOUND,False,2,132
2017,409953905.0,80101125.0,329852780.0,SOUND,False,2,133
1988,412800000.0,172825435.0,239974565.0,ACTOR IN A LEADING ROLE,True,8,134
1988,412800000.0,172825435.0,239974565.0,ART DIRECTION,False,8,134
1988,412800000.0,172825435.0,239974565.0,CINEMATOGRAPHY,False,8,134
1988,412800000.0,172825435.0,239974565.0,DIRECTING,True,8,134
1988,412800000.0,172825435.0,239974565.0,FILM EDITING,False,8,134
1988,412800000.0,172825435.0,239974565.0,MUSIC (Original Score),False,8,134
1988,412800000.0,172825435.0,239974565.0,BEST PICTURE,True,8,134
1988,412800000.0,172825435.0,239974565.0,WRITING (Screenplay Written Directly for the Screen),True,8,134
1989,411348924.0,251188924.0,160160000.0,ART DIRECTION,True,1,135
2012,402448265.0,126477084.0,275971181.0,VISUAL EFFECTS,False,1,136
2012,401021746.0,155136755.0,245884991.0,COSTUME DESIGN,False,2,137
2012,401021746.0,155136755.0,245884991.0,VISUAL EFFECTS,False,2,137
2010,399866199.0,172062763.0,227803436.0,SOUND EDITING,False,1,138
2018,393151347.0,213767512.0,179383835.0,VISUAL EFFECTS,False,1,139
2006,391081192.0,200120000.0,190961192.0,VISUAL EFFECTS,False,1,140
1939,390525192.0,198680470.0,191844722.0,ACTOR,False,13,141
1939,390525192.0,198680470.0,191844722.0,ACTRESS,True,13,141
1939,390525192.0,198680470.0,191844722.0,ACTRESS IN A SUPPORTING ROLE,False,13,141
1939,390525192.0,198680470.0,191844722.0,ACTRESS IN A SUPPORTING ROLE,True,13,141
1939,390525192.0,198680470.0,191844722.0,ART DIRECTION,True,13,141
1939,390525192.0,198680470.0,191844722.0,CINEMATOGRAPHY (Color),True,13,141
1939,390525192.0,198680470.0,191844722.0,DIRECTING,True,13,141
1939,390525192.0,198680470.0,191844722.0,FILM EDITING,True,13,141
1939,390525192.0,198680470.0,191844722.0,MUSIC (Original Score),False,13,141
1939,390525192.0,198680470.0,191844722.0,OUTSTANDING PRODUCTION,True,13,141
1939,390525192.0,198680470.0,191844722.0,SOUND RECORDING,False,13,141
1939,390525192.0,198680470.0,191844722.0,SPECIAL EFFECTS,False,13,141
1939,390525192.0,198680470.0,191844722.0,WRITING (Screenplay),True,13,141
1991,390500000.0,165493908.0,225006092.0,MUSIC (Original Song),False,1,142
2013,389918903.0,116949183.0,272969720.0,ACTOR IN A LEADING ROLE,False,5,143
2013,389918903.0,116949183.0,272969720.0,ACTOR IN A SUPPORTING ROLE,False,5,143
2013,389918903.0,116949183.0,272969720.0,DIRECTING,False,5,143
2013,389918903.0,116949183.0,272969720.0,BEST PICTURE,False,5,143
2013,389918903.0,116949183.0,272969720.0,WRITING (Adapted Screenplay),False,5,143
1978,387483897.0,181813770.0,205670127.0,MUSIC (Original Song),False,1,144
2009,386839614.0,257730019.0,129109595.0,MAKEUP,True,4,145
2009,386839614.0,257730019.0,129109595.0,SOUND EDITING,False,4,145
2009,386839614.0,257730019.0,129109595.0,SOUND MIXING,False,4,145
2009,386839614.0,257730019.0,129109595.0,VISUAL EFFECTS,False,4,145
2002,386116343.0,176387405.0,209728938.0,ANIMATED FEATURE FILM,False,1,146
1985,385510205.0,212259762.0,173250443.0,MUSIC (Original Song),False,4,147
1985,385510205.0,212259762.0,173250443.0,SOUND,False,4,147
1985,385510205.0,212259762.0,173250443.0,SOUND EFFECTS EDITING,True,4,147
1985,385510205.0,212259762.0,173250443.0,WRITING (Screenplay Written Directly for the Screen),False,4,147
2006,385000317.0,198000317.0,187000000.0,ANIMATED FEATURE FILM,True,1,148
2008,383825427.0,141330703.0,242494724.0,CINEMATOGRAPHY,True,10,149
2008,383825427.0,141330703.0,242494724.0,DIRECTING,True,10,149
2008,383825427.0,141330703.0,242494724.0,FILM EDITING,True,10,149
2008,383825427.0,141330703.0,242494724.0,MUSIC (Original Score),True,10,149
2008,383825427.0,141330703.0,242494724.0,MUSIC (Original Song),True,10,149
2008,383825427.0,141330703.0,242494724.0,MUSIC (Original Song),False,10,149
2008,383825427.0,141330703.0,242494724.0,BEST PICTURE,True,10,149
2008,383825427.0,141330703.0,242494724.0,SOUND EDITING,False,10,149
2008,383825427.0,141330703.0,242494724.0,SOUND MIXING,True,10,149
2008,383825427.0,141330703.0,242494724.0,WRITING (Adapted Screenplay),True,10,149
2002,374890034.0,241438208.0,133451826.0,WRITING (Original Screenplay),False,1,150
2011,373993951.0,77591831.0,296402120.0,MUSIC (Original Score),False,1,151
2004,371741123.0,161412000.0,210329123.0,ANIMATED FEATURE FILM,False,1,152
2015,367457874.0,153636354.0,213821520.0,CINEMATOGRAPHY,False,10,153
2015,367457874.0,153636354.0,213821520.0,COSTUME DESIGN,True,10,153
2015,367457874.0,153636354.0,213821520.0,DIRECTING,False,10,153
2015,367457874.0,153636354.0,213821520.0,FILM EDITING,True,10,153
2015,367457874.0,153636354.0,213821520.0,MAKEUP AND HAIRSTYLING,True,10,153
2015,367457874.0,153636354.0,213821520.0,BEST PICTURE,False,10,153
2015,367457874.0,153636354.0,213821520.0,PRODUCTION DESIGN,True,10,153
2015,367457874.0,153636354.0,213821520.0,SOUND EDITING,True,10,153
2015,367457874.0,153636354.0,213821520.0,SOUND MIXING,True,10,153
2015,367457874.0,153636354.0,213821520.0,VISUAL EFFECTS,False,10,153
1981,367452079.0,225686079.0,141766000.0,ART DIRECTION,True,9,154
1981,367452079.0,225686079.0,141766000.0,CINEMATOGRAPHY,False,9,154
1981,367452079.0,225686079.0,141766000.0,DIRECTING,False,9,154
1981,367452079.0,225686079.0,141766000.0,FILM EDITING,True,9,154
1981,367452079.0,225686079.0,141766000.0,MUSIC (Original Score),False,9,154
1981,367452079.0,225686079.0,141766000.0,BEST PICTURE,False,9,154
1981,367452079.0,225686079.0,141766000.0,SOUND,True,9,154
1981,367452079.0,225686079.0,141766000.0,VISUAL EFFECTS,True,9,154
1981,367452079.0,225686079.0,141766000.0,SPECIAL ACHIEVEMENT AWARD (Sound Effects Editing),True,9,154
2007,367262558.0,70107728.0,297154830.0,ART DIRECTION,False,2,155
2007,367262558.0,70107728.0,297154830.0,VISUAL EFFECTS,True,2,155
2014,367160781.0,167767189.0,199393592.0,ACTRESS IN A LEADING ROLE,False,1,156
2019,366614721.0,159227644.0,207387077.0,CINEMATOGRAPHY,True,10,157
2019,366614721.0,159227644.0,207387077.0,DIRECTING,False,10,157
2019,366614721.0,159227644.0,207387077.0,MAKEUP AND HAIRSTYLING,False,10,157
2019,366614721.0,159227644.0,207387077.0,MUSIC (Original Score),False,10,157
2019,366614721.0,159227644.0,207387077.0,BEST PICTURE,False,10,157
2019,366614721.0,159227644.0,207387077.0,PRODUCTION DESIGN,False,10,157
2019,366614721.0,159227644.0,207387077.0,SOUND EDITING,False,10,157
2019,366614721.0,159227644.0,207387077.0,SOUND MIXING,True,10,157
2019,366614721.0,159227644.0,207387077.0,VISUAL EFFECTS,True,10,157
2019,366614721.0,159227644.0,207387077.0,WRITING (Original Screenplay),False,10,157
1994,365300000.0,146282411.0,219017589.0,VISUAL EFFECTS,False,1,158
1995,365270951.0,192523233.0,172747718.0,MUSIC (Original Musical or Comedy Score),False,3,159
1995,365270951.0,192523233.0,172747718.0,MUSIC (Original Song),False,3,159
1995,365270951.0,192523233.0,172747718.0,WRITING (Screenplay Written Directly for the Screen),False,3,159
1998,363095319.0,162798565.0,200296754.0,MUSIC (Original Musical or Comedy Score),False,1,160
2001,362211740.0,180011740.0,182200000.0,COSTUME DESIGN,False,2,161
2001,362211740.0,180011740.0,182200000.0,MUSIC (Original Score--for a motion picture [not a musical]),False,2,161
2005,359004502.0,205343774.0,153660728.0,CINEMATOGRAPHY,False,1,162
2002,358824714.0,132024714.0,226800000.0,SOUND EDITING,False,1,163
1986,357011945.0,180012912.0,176999033.0,FILM EDITING,False,4,164
1986,357011945.0,180012912.0,176999033.0,MUSIC (Original Song),True,4,164
1986,357011945.0,180012912.0,176999033.0,SOUND,False,4,164
1986,357011945.0,180012912.0,176999033.0,SOUND EFFECTS EDITING,False,4,164
1999,356258047.0,130058047.0,226200000.0,ACTOR IN A LEADING ROLE,True,8,165
1999,356258047.0,130058047.0,226200000.0,ACTRESS IN A LEADING ROLE,False,8,165
1999,356258047.0,130058047.0,226200000.0,CINEMATOGRAPHY,True,8,165
1999,356258047.0,130058047.0,226200000.0,DIRECTING,True,8,165
1999,356258047.0,130058047.0,226200000.0,FILM EDITING,False,8,165
1999,356258047.0,130058047.0,226200000.0,MUSIC (Original Score),False,8,165
1999,356258047.0,130058047.0,226200000.0,BEST PICTURE,True,8,165
1999,356258047.0,130058047.0,226200000.0,WRITING (Screenplay Written Directly for the Screen),True,8,165
2002,355612291.0,164606800.0,191005491.0,ACTOR IN A SUPPORTING ROLE,False,2,166
2002,355612291.0,164606800.0,191005491.0,MUSIC (Original Score),False,2,166
1993,353715317.0,183875760.0,169839557.0,ACTOR IN A SUPPORTING ROLE,True,7,167
1993,353715317.0,183875760.0,169839557.0,CINEMATOGRAPHY,False,7,167
1993,353715317.0,183875760.0,169839557.0,FILM EDITING,False,7,167
1993,353715317.0,183875760.0,169839557.0,MUSIC (Original Score),False,7,167
1993,353715317.0,183875760.0,169839557.0,BEST PICTURE,False,7,167
1993,353715317.0,183875760.0,169839557.0,SOUND,False,7,167
1993,353715317.0,183875760.0,169839557.0,SOUND EFFECTS EDITING,False,7,167
2013,353640419.0,144840419.0,208800000.0,COSTUME DESIGN,True,4,168
2013,353640419.0,144840419.0,208800000.0,MUSIC (Scoring: Original Song Score and Adaptation -or- Scoring: Adaptation),True,4,168
2013,353640419.0,144840419.0,208800000.0,COSTUME DESIGN,True,4,168
2013,353640419.0,144840419.0,208800000.0,PRODUCTION DESIGN,True,4,168
2019,353166307.0,114766307.0,238400000.0,MUSIC (Scoring of a Musical Picture),True,2,169
2019,353166307.0,114766307.0,238400000.0,MUSIC (Song),False,2,169
1992,352700000.0,117727224.0,234972776.0,FILM EDITING,False,2,170
1992,352700000.0,117727224.0,234972776.0,MUSIC (Original Score),False,2,170
2010,351774938.0,176591618.0,175183320.0,ACTOR IN A SUPPORTING ROLE,False,1,171
2017,351767147.0,102826543.0,248940604.0,ACTOR,False,6,172
2017,351767147.0,102826543.0,248940604.0,ACTRESS IN A SUPPORTING ROLE,True,6,172
2017,351767147.0,102826543.0,248940604.0,CINEMATOGRAPHY,False,6,172
2017,351767147.0,102826543.0,248940604.0,COSTUME DESIGN,False,6,172
2017,351767147.0,102826543.0,248940604.0,MUSIC (Original Dramatic Score),False,6,172
2017,351767147.0,102826543.0,248940604.0,WRITING (Screenplay Adapted from Other Material),False,6,172
1994,351620129.0,119920129.0,231700000.0,VISUAL EFFECTS,False,1,173
2018,348901032.0,171958438.0,176942594.0,COSTUME DESIGN,False,4,174
2018,348901032.0,171958438.0,176942594.0,MUSIC (Original Score),False,4,174
2018,348901032.0,171958438.0,176942594.0,MUSIC (Original Song),False,4,174
2018,348901032.0,171958438.0,176942594.0,PRODUCTION DESIGN,False,4,174
2004,348629585.0,144801023.0,203828562.0,VISUAL EFFECTS,False,1,175
1995,347100000.0,141579773.0,205520227.0,MUSIC (Original Musical or Comedy Score),True,2,176
1995,347100000.0,141579773.0,205520227.0,MUSIC (Original Song),True,2,176
2016,343242613.0,153707064.0,189535549.0,MUSIC (Original Song),False,1,177
2008,342416460.0,134508551.0,207907909.0,SOUND EDITING,False,2,178
2008,342416460.0,134508551.0,207907909.0,SOUND MIXING,False,2,178
1977,340800479.0,169100479.0,171700000.0,ACTRESS IN A SUPPORTING ROLE,False,9,179
1977,340800479.0,169100479.0,171700000.0,ART DIRECTION,False,9,179
1977,340800479.0,169100479.0,171700000.0,CINEMATOGRAPHY,True,9,179
1977,340800479.0,169100479.0,171700000.0,DIRECTING,False,9,179
1977,340800479.0,169100479.0,171700000.0,FILM EDITING,False,9,179
1977,340800479.0,169100479.0,171700000.0,MUSIC (Original Score),False,9,179
1977,340800479.0,169100479.0,171700000.0,SOUND,False,9,179
1977,340800479.0,169100479.0,171700000.0,VISUAL EFFECTS,False,9,179
1977,340800479.0,169100479.0,171700000.0,SPECIAL ACHIEVEMENT AWARD (Sound Effects Editing),True,9,179
2007,340384141.0,127706877.0,212677264.0,MUSIC (Original Song),False,3,180
2007,340384141.0,127706877.0,212677264.0,MUSIC (Original Song),False,3,180
2007,340384141.0,127706877.0,212677264.0,MUSIC (Original Song),False,3,180
1995,336529144.0,184031112.0,152498032.0,CINEMATOGRAPHY,False,3,181
1995,336529144.0,184031112.0,152498032.0,SOUND,False,3,181
1995,336529144.0,184031112.0,152498032.0,SOUND EFFECTS EDITING,False,3,181
1996,336069511.0,134069511.0,202000000.0,SOUND,False,1,182
1995,335802271.0,173772767.0,162029504.0,ACTOR IN A SUPPORTING ROLE,False,9,183
1995,335802271.0,173772767.0,162029504.0,ACTRESS IN A SUPPORTING ROLE,False,9,183
1995,335802271.0,173772767.0,162029504.0,ART DIRECTION,False,9,183
1995,335802271.0,173772767.0,162029504.0,FILM EDITING,True,9,183
1995,335802271.0,173772767.0,162029504.0,MUSIC (Original Dramatic Score),False,9,183
1995,335802271.0,173772767.0,162029504.0,BEST PICTURE,False,9,183
1995,335802271.0,173772767.0,162029504.0,SOUND,True,9,183
1995,335802271.0,173772767.0,162029504.0,VISUAL EFFECTS,False,9,183
1995,335802271.0,173772767.0,162029504.0,WRITING (Screenplay Based on Material Previously Produced or Published),False,9,183
2016,335673708.0,158848340.0,176825368.0,MAKEUP AND HAIRSTYLING,False,1,184
2018,334876670.0,188024361.0,146852309.0,SOUND EDITING,False,1,185
1984,333080271.0,179880271.0,153200000.0,MUSIC (Original Score),False,2,186
1984,333080271.0,179880271.0,153200000.0,VISUAL EFFECTS,True,2,186
1989,331971881.0,118450002.0,213521879.0,VISUAL EFFECTS,False,1,187
2010,331266710.0,106954678.0,224312032.0,ACTRESS IN A LEADING ROLE,True,5,188
2010,331266710.0,106954678.0,224312032.0,CINEMATOGRAPHY,False,5,188
2010,331266710.0,106954678.0,224312032.0,DIRECTING,False,5,188
2010,331266710.0,106954678.0,224312032.0,FILM EDITING,False,5,188
2010,331266710.0,106954678.0,224312032.0,BEST PICTURE,False,5,188
2000,330425040.0,166225040.0,164200000.0,MUSIC (Original Song),False,1,189
2008,329631958.0,127509326.0,202122632.0,ACTOR IN A LEADING ROLE,False,13,190
2008,329631958.0,127509326.0,202122632.0,ACTRESS IN A SUPPORTING ROLE,False,13,190
2008,329631958.0,127509326.0,202122632.0,ART DIRECTION,True,13,190
2008,329631958.0,127509326.0,202122632.0,CINEMATOGRAPHY,False,13,190
2008,329631958.0,127509326.0,202122632.0,COSTUME DESIGN,False,13,190
2008,329631958.0,127509326.0,202122632.0,DIRECTING,False,13,190
2008,329631958.0,127509326.0,202122632.0,FILM EDITING,False,13,190
2008,329631958.0,127509326.0,202122632.0,MAKEUP,True,13,190
2008,329631958.0,127509326.0,202122632.0,MUSIC (Original Score),False,13,190
2008,329631958.0,127509326.0,202122632.0,BEST PICTURE,False,13,190
2008,329631958.0,127509326.0,202122632.0,SOUND MIXING,False,13,190
2008,329631958.0,127509326.0,202122632.0,VISUAL EFFECTS,True,13,190
2008,329631958.0,127509326.0,202122632.0,WRITING (Adapted Screenplay),False,13,190
2000,328711434.0,182618434.0,146093000.0,SOUND,False,2,191
2000,328711434.0,182618434.0,146093000.0,VISUAL EFFECTS,False,2,191
2008,328015029.0,114053579.0,213961450.0,ANIMATED FEATURE FILM,False,1,192
2006,326073155.0,124740460.0,201332695.0,ACTRESS IN A LEADING ROLE,False,2,193
2006,326073155.0,124740460.0,201332695.0,COSTUME DESIGN,False,2,193
1996,325500000.0,100138851.0,225361149.0,MUSIC (Scoring),False,3,194
1996,325500000.0,100138851.0,225361149.0,SOUND RECORDING,False,3,194
1996,325500000.0,100138851.0,225361149.0,MUSIC (Original Musical or Comedy Score),False,3,194
2010,322459006.0,105487148.0,216971858.0,MUSIC (Song),False,1,195
1987,320100000.0,156645693.0,163454307.0,ACTRESS IN A LEADING ROLE,False,6,196
1987,320100000.0,156645693.0,163454307.0,ACTRESS IN A SUPPORTING ROLE,False,6,196
1987,320100000.0,156645693.0,163454307.0,DIRECTING,False,6,196
1987,320100000.0,156645693.0,163454307.0,FILM EDITING,False,6,196
1987,320100000.0,156645693.0,163454307.0,BEST PICTURE,False,6,196
1987,320100000.0,156645693.0,163454307.0,WRITING (Screenplay Based on Material from Another Medium),False,6,196
2018,320029388.0,85080171.0,234949217.0,ACTOR IN A LEADING ROLE,False,5,197
2018,320029388.0,85080171.0,234949217.0,ACTOR IN A SUPPORTING ROLE,True,5,197
2018,320029388.0,85080171.0,234949217.0,FILM EDITING,False,5,197
2018,320029388.0,85080171.0,234949217.0,BEST PICTURE,True,5,197
2018,320029388.0,85080171.0,234949217.0,WRITING (Original Screenplay),True,5,197
2001,317668058.0,170708996.0,146959062.0,ACTOR IN A LEADING ROLE,False,8,198
2001,317668058.0,170708996.0,146959062.0,ACTRESS IN A SUPPORTING ROLE,True,8,198
2001,317668058.0,170708996.0,146959062.0,DIRECTING,True,8,198
2001,317668058.0,170708996.0,146959062.0,FILM EDITING,False,8,198
2001,317668058.0,170708996.0,146959062.0,MAKEUP,False,8,198
2001,317668058.0,170708996.0,146959062.0,MUSIC (Original Score),False,8,198
2001,317668058.0,170708996.0,146959062.0,BEST PICTURE,True,8,198
2001,317668058.0,170708996.0,146959062.0,WRITING (Screenplay Based on Material Previously Produced or Published),True,8,198
2009,316915264.0,120774594.0,196140670.0,ACTOR IN A SUPPORTING ROLE,True,8,199
2009,316915264.0,120774594.0,196140670.0,CINEMATOGRAPHY,False,8,199
2009,316915264.0,120774594.0,196140670.0,DIRECTING,False,8,199
2009,316915264.0,120774594.0,196140670.0,FILM EDITING,False,8,199
2009,316915264.0,120774594.0,196140670.0,BEST PICTURE,False,8,199
2009,316915264.0,120774594.0,196140670.0,SOUND EDITING,False,8,199
2009,316915264.0,120774594.0,196140670.0,SOUND MIXING,False,8,199
2009,316915264.0,120774594.0,196140670.0,WRITING (Original Screenplay),False,8,199
1984,316300000.0,234760478.0,81539522.0,WRITING (Screenplay Written Directly for the Screen),False,1,200
1997,315268353.0,172956409.0,142311944.0,FILM EDITING,False,2,201
1997,315268353.0,172956409.0,142311944.0,SOUND,False,2,201
1997,314111923.0,148478011.0,165633912.0,ACTOR IN A LEADING ROLE,True,7,202
1997,314111923.0,148478011.0,165633912.0,ACTOR IN A SUPPORTING ROLE,False,7,202
1997,314111923.0,148478011.0,165633912.0,ACTRESS IN A LEADING ROLE,True,7,202
1997,314111923.0,148478011.0,165633912.0,FILM EDITING,False,7,202
1997,314111923.0,148478011.0,165633912.0,MUSIC (Original Musical or Comedy Score),False,7,202
1997,314111923.0,148478011.0,165633912.0,BEST PICTURE,False,7,202
1997,314111923.0,148478011.0,165633912.0,WRITING (Screenplay Written Directly for the Screen),False,7,202
2019,312952178.0,165364060.0,147588118.0,WRITING (Original Screenplay),False,1,203
2017,312755215.0,132422809.0,180332406.0,MAKEUP AND HAIRSTYLING,False,1,204
2004,312719437.0,188578855.0,124140582.0,MUSIC (Original Song),False,3,205
2004,312719437.0,188578855.0,124140582.0,SOUND EDITING,False,3,205
2004,312719437.0,188578855.0,124140582.0,SOUND MIXING,False,3,205
1999,312383487.0,206040085.0,106343402.0,MAKEUP,False,1,206
2006,307311093.0,162586036.0,144725057.0,ACTOR IN A LEADING ROLE,False,1,207
2002,306770545.0,170687518.0,136083027.0,ACTOR IN A SUPPORTING ROLE,False,13,208
2002,306770545.0,170687518.0,136083027.0,ACTRESS IN A LEADING ROLE,False,13,208
2002,306770545.0,170687518.0,136083027.0,ACTRESS IN A SUPPORTING ROLE,False,13,208
2002,306770545.0,170687518.0,136083027.0,ACTRESS IN A SUPPORTING ROLE,True,13,208
2002,306770545.0,170687518.0,136083027.0,ART DIRECTION,True,13,208
2002,306770545.0,170687518.0,136083027.0,CINEMATOGRAPHY,False,13,208
2002,306770545.0,170687518.0,136083027.0,COSTUME DESIGN,True,13,208
2002,306770545.0,170687518.0,136083027.0,DIRECTING,False,13,208
2002,306770545.0,170687518.0,136083027.0,FILM EDITING,True,13,208
2002,306770545.0,170687518.0,136083027.0,MUSIC (Original Song),False,13,208
2002,306770545.0,170687518.0,136083027.0,BEST PICTURE,True,13,208
2002,306770545.0,170687518.0,136083027.0,SOUND,True,13,208
2002,306770545.0,170687518.0,136083027.0,WRITING (Adapted Screenplay),False,13,208
2009,305705794.0,255959475.0,49746319.0,ACTRESS IN A LEADING ROLE,True,2,209
2009,305705794.0,255959475.0,49746319.0,BEST PICTURE,False,2,209
2018,304868961.0,68420120.0,236448841.0,SHORT SUBJECT (Live Action),False,1,210
1998,303500000.0,120620254.0,182879746.0,MUSIC (Original Musical or Comedy Score),False,1,211
2016,302239672.0,100014699.0,202224973.0,MUSIC (Original Score),False,2,212
2016,302239672.0,100014699.0,202224973.0,PRODUCTION DESIGN,False,2,212
1991,300854823.0,119654823.0,181200000.0,ART DIRECTION,False,5,213
1991,300854823.0,119654823.0,181200000.0,COSTUME DESIGN,False,5,213
1991,300854823.0,119654823.0,181200000.0,MAKEUP,False,5,213
1991,300854823.0,119654823.0,181200000.0,MUSIC (Original Song),False,5,213
1991,300854823.0,119654823.0,181200000.0,VISUAL EFFECTS,False,5,213
1985,300400000.0,150415432.0,149984568.0,SOUND EFFECTS EDITING,False,1,214
1978,300200000.0,134218018.0,165981982.0,SHORT SUBJECT (Cartoon),False,5,215
1978,300200000.0,134218018.0,165981982.0,FILM EDITING,False,5,215
1978,300200000.0,134218018.0,165981982.0,MUSIC (Original Score),False,5,215
1978,300200000.0,134218018.0,165981982.0,SOUND,False,5,215
1978,300200000.0,134218018.0,165981982.0,SPECIAL ACHIEVEMENT AWARD (Visual Effects),True,5,215
1997,298923419.0,126813153.0,172110266.0,MUSIC (Original Musical or Comedy Score),False,1,216
1999,298815224.0,140015224.0,158800000.0,VISUAL EFFECTS,False,1,217
1984,295211811.0,242212467.0,52999344.0,MUSIC (Original Song),False,2,218
1984,295211811.0,242212467.0,52999344.0,VISUAL EFFECTS,False,2,218
1998,294156605.0,144156605.0,150000000.0,ART DIRECTION,False,9,219
1998,294156605.0,144156605.0,150000000.0,CINEMATOGRAPHY,False,9,219
1998,294156605.0,144156605.0,150000000.0,FILM EDITING,False,9,219
1998,294156605.0,144156605.0,150000000.0,MUSIC (Original Music Score),False,9,219
1998,294156605.0,144156605.0,150000000.0,MUSIC (Scoring of Music--adaptation or treatment),False,9,219
1998,294156605.0,144156605.0,150000000.0,MUSIC (Song),True,9,219
1998,294156605.0,144156605.0,150000000.0,BEST PICTURE,False,9,219
1998,294156605.0,144156605.0,150000000.0,SOUND,False,9,219
1998,294156605.0,144156605.0,150000000.0,SPECIAL VISUAL EFFECTS,True,9,219
1999,290701374.0,136801374.0,153900000.0,ACTOR IN A SUPPORTING ROLE,False,4,220
1999,290701374.0,136801374.0,153900000.0,BEST PICTURE,False,4,220
1999,290701374.0,136801374.0,153900000.0,SOUND,False,4,220
1999,290701374.0,136801374.0,153900000.0,WRITING (Screenplay Based on Material Previously Produced or Published),False,4,220
2010,290650494.0,118311368.0,172339126.0,SOUND MIXING,False,1,221
2017,289838913.0,84410380.0,205428533.0,ANIMATED FEATURE FILM,False,1,222
2006,289660619.0,132384315.0,157276304.0,ACTOR IN A SUPPORTING ROLE,False,5,223
2006,289660619.0,132384315.0,157276304.0,DIRECTING,True,5,223
2006,289660619.0,132384315.0,157276304.0,FILM EDITING,True,5,223
2006,289660619.0,132384315.0,157276304.0,BEST PICTURE,True,5,223
2006,289660619.0,132384315.0,157276304.0,WRITING (Adapted Screenplay),True,5,223
2011,289632023.0,169211718.0,120420305.0,ACTRESS IN A SUPPORTING ROLE,False,2,224
2011,289632023.0,169211718.0,120420305.0,WRITING (Original Screenplay),False,2,224
1988,288800000.0,128152301.0,160647699.0,COSTUME DESIGN,False,2,225
1988,288800000.0,128152301.0,160647699.0,MAKEUP,False,2,225
1965,286214195.0,163214286.0,122999909.0,ACTRESS,False,10,226
1965,286214195.0,163214286.0,122999909.0,ACTRESS IN A SUPPORTING ROLE,False,10,226
1965,286214195.0,163214286.0,122999909.0,ART DIRECTION (Color),False,10,226
1965,286214195.0,163214286.0,122999909.0,CINEMATOGRAPHY (Color),False,10,226
1965,286214195.0,163214286.0,122999909.0,COSTUME DESIGN (Color),False,10,226
1965,286214195.0,163214286.0,122999909.0,DIRECTING,True,10,226
1965,286214195.0,163214286.0,122999909.0,FILM EDITING,True,10,226
1965,286214195.0,163214286.0,122999909.0,MUSIC (Scoring of Music--adaptation or treatment),True,10,226
1965,286214195.0,163214286.0,122999909.0,BEST PICTURE,True,10,226
1965,286214195.0,163214286.0,122999909.0,SOUND,True,10,226
1994,283200000.0,121248145.0,161951855.0,FILM EDITING,False,3,227
1994,283200000.0,121248145.0,161951855.0,SOUND,True,3,227
1994,283200000.0,121248145.0,161951855.0,SOUND EFFECTS EDITING,True,3,227
1977,282400000.0,139486124.0,142913876.0,ACTOR IN A LEADING ROLE,False,1,228
1998,279500000.0,100317794.0,179182206.0,ACTOR IN A SUPPORTING ROLE,False,13,229
1998,279500000.0,100317794.0,179182206.0,ACTRESS IN A LEADING ROLE,True,13,229
1998,279500000.0,100317794.0,179182206.0,ACTRESS IN A SUPPORTING ROLE,True,13,229
1998,279500000.0,100317794.0,179182206.0,ART DIRECTION,True,13,229
1998,279500000.0,100317794.0,179182206.0,CINEMATOGRAPHY,False,13,229
1998,279500000.0,100317794.0,179182206.0,COSTUME DESIGN,True,13,229
1998,279500000.0,100317794.0,179182206.0,DIRECTING,False,13,229
1998,279500000.0,100317794.0,179182206.0,FILM EDITING,False,13,229
1998,279500000.0,100317794.0,179182206.0,MAKEUP,False,13,229
1998,279500000.0,100317794.0,179182206.0,MUSIC (Original Musical or Comedy Score),True,13,229
1998,279500000.0,100317794.0,179182206.0,BEST PICTURE,True,13,229
1998,279500000.0,100317794.0,179182206.0,SOUND,False,13,229
1998,279500000.0,100317794.0,179182206.0,WRITING (Screenplay Written Directly for the Screen),True,13,229
2001,277902373.0,71500556.0,206401817.0,ACTRESS IN A LEADING ROLE,False,1,230
1987,276665036.0,153665036.0,123000000.0,MUSIC (Original Song),False,1,231
1991,275726716.0,130726716.0,145000000.0,ACTOR IN A LEADING ROLE,True,7,232
1991,275726716.0,130726716.0,145000000.0,ACTRESS IN A LEADING ROLE,True,7,232
1991,275726716.0,130726716.0,145000000.0,DIRECTING,True,7,232
1991,275726716.0,130726716.0,145000000.0,FILM EDITING,False,7,232
1991,275726716.0,130726716.0,145000000.0,BEST PICTURE,True,7,232
1991,275726716.0,130726716.0,145000000.0,SOUND,False,7,232
1991,275726716.0,130726716.0,145000000.0,WRITING (Screenplay Based on Material Previously Produced or Published),True,7,232
1996,273814019.0,128814019.0,145000000.0,MAKEUP,True,1,233
1996,273552592.0,153952592.0,119600000.0,ACTOR IN A LEADING ROLE,False,5,234
1996,273552592.0,153952592.0,119600000.0,ACTOR IN A SUPPORTING ROLE,True,5,234
1996,273552592.0,153952592.0,119600000.0,FILM EDITING,False,5,234
1996,273552592.0,153952592.0,119600000.0,BEST PICTURE,False,5,234
1996,273552592.0,153952592.0,119600000.0,WRITING (Screenplay Written Directly for the Screen),False,5,234
2012,273346281.0,182207973.0,91138308.0,ACTOR IN A LEADING ROLE,True,12,235
2012,273346281.0,182207973.0,91138308.0,ACTOR IN A SUPPORTING ROLE,False,12,235
2012,273346281.0,182207973.0,91138308.0,ACTRESS IN A SUPPORTING ROLE,False,12,235
2012,273346281.0,182207973.0,91138308.0,CINEMATOGRAPHY,False,12,235
2012,273346281.0,182207973.0,91138308.0,COSTUME DESIGN,False,12,235
2012,273346281.0,182207973.0,91138308.0,DIRECTING,False,12,235
2012,273346281.0,182207973.0,91138308.0,FILM EDITING,False,12,235
2012,273346281.0,182207973.0,91138308.0,MUSIC (Original Score),False,12,235
2012,273346281.0,182207973.0,91138308.0,BEST PICTURE,False,12,235
2012,273346281.0,182207973.0,91138308.0,PRODUCTION DESIGN,True,12,235
2012,273346281.0,182207973.0,91138308.0,SOUND MIXING,False,12,235
2012,273346281.0,182207973.0,91138308.0,WRITING (Adapted Screenplay),False,12,235
2009,270997378.0,104400899.0,166596479.0,ANIMATED FEATURE FILM,False,3,236
2009,270997378.0,104400899.0,166596479.0,MUSIC (Original Song),False,3,236
2009,270997378.0,104400899.0,166596479.0,MUSIC (Original Song),False,3,236
1993,270340892.0,158340892.0,112000000.0,ACTRESS IN A SUPPORTING ROLE,False,2,237
1993,270340892.0,158340892.0,112000000.0,MUSIC (Original Score),False,2,237
1972,268500000.0,134966411.0,133533589.0,ACTOR,True,11,238
1972,268500000.0,134966411.0,133533589.0,ACTOR IN A SUPPORTING ROLE,False,11,238
1972,268500000.0,134966411.0,133533589.0,ACTOR IN A SUPPORTING ROLE,False,11,238
1972,268500000.0,134966411.0,133533589.0,ACTOR IN A SUPPORTING ROLE,False,11,238
1972,268500000.0,134966411.0,133533589.0,COSTUME DESIGN,False,11,238
1972,268500000.0,134966411.0,133533589.0,DIRECTING,False,11,238
1972,268500000.0,134966411.0,133533589.0,FILM EDITING,False,11,238
1972,268500000.0,134966411.0,133533589.0,MUSIC (Original Dramatic Score),False,11,238
1972,268500000.0,134966411.0,133533589.0,BEST PICTURE,True,11,238
1972,268500000.0,134966411.0,133533589.0,SOUND,False,11,238
1972,268500000.0,134966411.0,133533589.0,WRITING (Screenplay--based on material from another medium),True,11,238
1942,268000000.0,102797000.0,165203000.0,MUSIC (Music Score of a Dramatic or Comedy Picture),False,3,239
1942,268000000.0,102797000.0,165203000.0,MUSIC (Song),False,3,239
1942,268000000.0,102797000.0,165203000.0,SOUND RECORDING,False,3,239
2007,267985456.0,130164645.0,137820811.0,ACTRESS IN A SUPPORTING ROLE,False,2,240
2007,267985456.0,130164645.0,137820811.0,ART DIRECTION,False,2,240
1992,266824291.0,162833635.0,103990656.0,MAKEUP,False,2,241
1992,266824291.0,162833635.0,103990656.0,VISUAL EFFECTS,False,2,241
2003,266685242.0,124685242.0,142000000.0,ACTRESS IN A LEADING ROLE,False,1,242
1995,264246220.0,88246220.0,176000000.0,SOUND,False,1,243
1998,264118201.0,125618201.0,138500000.0,ACTOR IN A SUPPORTING ROLE,False,3,244
1998,264118201.0,125618201.0,138500000.0,DIRECTING,False,3,244
1998,264118201.0,125618201.0,138500000.0,WRITING (Screenplay Written Directly for the Screen),False,3,244
1997,263898761.0,63570862.0,200327899.0,SOUND EFFECTS EDITING,False,1,245
2011,263880341.0,85463309.0,178417032.0,VISUAL EFFECTS,False,1,246
1990,261400000.0,119394839.0,142005161.0,SOUND,False,3,247
1990,261400000.0,119394839.0,142005161.0,SOUND EFFECTS EDITING,False,3,247
1990,261400000.0,119394839.0,142005161.0,SPECIAL ACHIEVEMENT AWARD (Visual Effects),True,3,247
1997,261249383.0,45950122.0,215299261.0,DIRECTING,False,4,248
1997,261249383.0,45950122.0,215299261.0,MUSIC (Original Musical or Comedy Score),True,4,248
1997,261249383.0,45950122.0,215299261.0,BEST PICTURE,False,4,248
1997,261249383.0,45950122.0,215299261.0,WRITING (Screenplay Written Directly for the Screen),False,4,248
2013,260002115.0,89302115.0,170700000.0,MAKEUP AND HAIRSTYLING,False,2,249
2013,260002115.0,89302115.0,170700000.0,VISUAL EFFECTS,False,2,249
2017,259238971.0,92054159.0,167184812.0,CINEMATOGRAPHY,True,5,250
2017,259238971.0,92054159.0,167184812.0,PRODUCTION DESIGN,False,5,250
2017,259238971.0,92054159.0,167184812.0,SOUND EDITING,False,5,250
2017,259238971.0,92054159.0,167184812.0,SOUND MIXING,False,5,250
2017,259238971.0,92054159.0,167184812.0,VISUAL EFFECTS,True,5,250
1985,258210860.0,79096868.0,179113992.0,ACTOR IN A SUPPORTING ROLE,False,11,251
1985,258210860.0,79096868.0,179113992.0,ACTRESS IN A LEADING ROLE,False,11,251
1985,258210860.0,79096868.0,179113992.0,ART DIRECTION,True,11,251
1985,258210860.0,79096868.0,179113992.0,CINEMATOGRAPHY,True,11,251
1985,258210860.0,79096868.0,179113992.0,COSTUME DESIGN,False,11,251
1985,258210860.0,79096868.0,179113992.0,DIRECTING,True,11,251
1985,258210860.0,79096868.0,179113992.0,FILM EDITING,False,11,251
1985,258210860.0,79096868.0,179113992.0,MUSIC (Original Score),True,11,251
1985,258210860.0,79096868.0,179113992.0,BEST PICTURE,True,11,251
1985,258210860.0,79096868.0,179113992.0,SOUND,True,11,251
1985,258210860.0,79096868.0,179113992.0,WRITING (Screenplay Based on Material from Another Medium),True,11,251
2013,257858943.0,150098456.0,107760487.0,ACTOR IN A LEADING ROLE,False,10,252
2013,257858943.0,150098456.0,107760487.0,ACTOR IN A SUPPORTING ROLE,False,10,252
2013,257858943.0,150098456.0,107760487.0,ACTRESS IN A LEADING ROLE,False,10,252
2013,257858943.0,150098456.0,107760487.0,ACTRESS IN A SUPPORTING ROLE,False,10,252
2013,257858943.0,150098456.0,107760487.0,COSTUME DESIGN,False,10,252
2013,257858943.0,150098456.0,107760487.0,DIRECTING,False,10,252
2013,257858943.0,150098456.0,107760487.0,FILM EDITING,False,10,252
2013,257858943.0,150098456.0,107760487.0,BEST PICTURE,False,10,252
2013,257858943.0,150098456.0,107760487.0,PRODUCTION DESIGN,False,10,252
2013,257858943.0,150098456.0,107760487.0,WRITING (Original Screenplay),False,10,252
2000,257805243.0,125548685.0,132256558.0,ACTOR IN A SUPPORTING ROLE,False,5,253
2000,257805243.0,125548685.0,132256558.0,ACTRESS IN A LEADING ROLE,True,5,253
2000,257805243.0,125548685.0,132256558.0,DIRECTING,False,5,253
2000,257805243.0,125548685.0,132256558.0,BEST PICTURE,False,5,253
2000,257805243.0,125548685.0,132256558.0,WRITING (Screenplay Written Directly for the Screen),False,5,253
